"ANO";"NIVEL";"CODIGO";"POPH";"POPHF";"POPHM"
2025;"UF";"33";6062500;2787000;3275500
2025;"MUNICIPIO";"330010";89800;41200;48600
2025;"MUNICIPIO";"330070";164700;75300;89400
2025;"MUNICIPIO";"330100";365100;166800;198300
2025;"MUNICIPIO";"330170";391900;184500;207400
2025;"MUNICIPIO";"330270";201500;94200;107300
2025;"MUNICIPIO";"330330";476000;218400;257600
2025;"MUNICIPIO";"330350";688600;324700;363900
2025;"MUNICIPIO";"330390";206400;93600;112800
2025;"MUNICIPIO";"330455";2609000;1185200;1423800
2025;"MUNICIPIO";"330490";467500;220600;246900
2025;"MUNICIPIO";"330610";201100;91300;109800
2025;"MUNICIPIO";"330620";200900;91200;109700
